<?xml version="1.0" encoding="UTF-8" standalone="yes"?>

				
<addon id="script.video.Macedonia.Super.TV" name="[B][COLOR green]Macedonia [COLOR yellow]Super [COLOR orange]TV [/COLOR][/B]" version="1.0.0" provider-name=" [COLOR yellow] SOKOL 2020 [/COLOR]">
  <requires>
    <import addon="xbmc.python" version="2.1.0"/>
	<import addon="script.module.t0mm0.common" version="2.0.0"/>
    <import addon="script.module.beautifulsoup" version="3.2.1"/>
    <import addon="script.module.simple.downloader" version="0.9.4"/>
    <import addon="script.module.beautifulsoup4" />
    <import addon="script.module.simple.downloader" version="0.9.4"/>
    <import addon="script.module.requests" />
    <import addon="script.module.httplib2" />
    <import addon="script.module.youtube.dl" optional="true"/>
    <import addon="plugin.video.youtube" version="3.0.0"/>
	<import addon="script.module.urlresolver" />
	<import addon="script.module.simplejson" /> 
    <import addon="script.common.plugin.cache" version="2.5.2"/>
    <import addon="script.module.metahandler" version="2.5.1"/>
  </requires>
  <extension point="xbmc.python.pluginsource" library="default.py">
    <provides>script</provides>
  </extension>
  <extension point="xbmc.addon.metadata"> 
		<summary lang="en_GB">[COLOR green]Macedonia [COLOR yellow]Super [COLOR orange]TV [/COLOR]</summary>
		<description lang="en_GB">[COLOR green]Macedonia [COLOR yellow]Super [COLOR orange]TV [/COLOR]</description>
		<news lang="en_GB">Macedonia</news>		
		<disclaimer lang="en_GB">Macedonia</disclaimer>
		<platform>all</platform>
	 </extension>
</addon>